{
  "chassis": 0,
  "torso": 0,
  "left_arm": 7,
  "right_arm": 7,
  "left_gripper": 1,
  "right_gripper": 1,
  "home_pos": {
    "chassis": [],
    "torso": [],
    "left_arm": [0.04499109, -2.14918859, -1.1454808, 1.35241557, -0.58644972, 1.94033256, -0.54847275],
    "right_arm": [-0.04499109, -2.14918859, 1.1454808, 1.35241557, 0.58644972, 1.94033256, -1.51101578],
    "left_gripper": [100.0],
    "right_gripper": [100.0]
  },
  "exit_pos": {
    "chassis": [],
    "torso": [],
    "left_arm": [0.04499109, -2.14918859, -1.1454808, 1.35241557, -0.58644972, 1.94033256, -0.54847275],
    "right_arm": [-0.04499109, -2.14918859, 1.1454808, 1.35241557, 0.58644972, 1.94033256, -1.51101578],
    "left_gripper": [100.0],
    "right_gripper": [100.0]
  },
  "max_step_rad": {
    "chassis": [],
    "torso": [],
    "left_arm": [4.6, 4.6, 5.8, 5.8, 5.8, 5.8, 5.8],
    "right_arm": [4.6, 4.6, 5.8, 5.8, 5.8, 5.8, 5.8],
    "left_gripper": [1000000.0],
    "right_gripper": [1000000.0]
  }
}
